email,team,groups,password
jane.doe,Database Admin,DBA,ChangeMe123456!
michael.scott,Network Admin,NetworkAdmin,ChangeMe123456!
barbara.brown,Cloud Architect,CloudAdmin,ChangeMe123456!
brian.garcia,Linux Admin,LinuxAdmin,ChangeMe123456!
philip.jack,Database Admin,DBA,ChangeMe123456!
angelino.marinho,Database Admin,DBA,ChangeMe123456!
arachane.dinis,Database Admin,DBA,ChangeMe123456!
armando.pirassununga,Database Admin,DBA,ChangeMe123456!
astolfo.cerveira,Database Admin,DBA,ChangeMe123456!
augusta.gusmao,Database Admin,DBA,ChangeMe123456!
boaventura.trindade,Database Admin,DBA,ChangeMe123456!
bras.vides,Database Admin,DBA,ChangeMe123456!
bruna.muniz,Database Admin,DBA,ChangeMe123456!
capitolina.garrido,Database Admin,DBA,ChangeMe123456!
carina.salles,Database Admin,DBA,ChangeMe123456!
caua.setubal,Database Admin,DBA,ChangeMe123456!
celeste.moreira,Database Admin,DBA,ChangeMe123456!
celso.torres,Database Admin,DBA,ChangeMe123456!
cesar.matos,Linux Admin,LinuxAdmin,ChangeMe123456!
cleiton.frois,Database Admin,DBA,ChangeMe123456!
cristiana.dornelles,Database Admin,DBA,ChangeMe123456!
debora.ferreyra,Linux Admin,LinuxAdmin,ChangeMe123456!
deolindo.ourique,Linux Admin,LinuxAdmin,ChangeMe123456!
diamantino.raposo,Linux Admin,LinuxAdmin,ChangeMe123456!
donato.gama,Linux Admin,LinuxAdmin,ChangeMe123456!
doroteia.robalo,Linux Admin,LinuxAdmin,ChangeMe123456!
egas.malta,Linux Admin,LinuxAdmin,ChangeMe123456!
emiliana.bicudo,Linux Admin,LinuxAdmin,ChangeMe123456!
esperanca.carrasco,Linux Admin,LinuxAdmin,ChangeMe123456!
eudes.bogado,Linux Admin,LinuxAdmin,ChangeMe123456!
fausto.doutel,Linux Admin,LinuxAdmin,ChangeMe123456!
filipa.holanda,Linux Admin,LinuxAdmin,ChangeMe123456!
filipe.henriques,Linux Admin,LinuxAdmin,ChangeMe123456!
gil.pinhal,Linux Admin,LinuxAdmin,ChangeMe123456!
gilda.maior,Linux Admin,LinuxAdmin,ChangeMe123456!
giovana.carballo,Linux Admin,LinuxAdmin,ChangeMe123456!
glauber.feijo,Linux Admin,LinuxAdmin,ChangeMe123456!
glaucia.pitangui,Linux Admin,LinuxAdmin,ChangeMe123456!
godofredo.carvalhal,Linux Admin,LinuxAdmin,ChangeMe123456!
goncalo.balladares,Linux Admin,LinuxAdmin,ChangeMe123456!
graciano.vianna,Linux Admin,LinuxAdmin,ChangeMe123456!
gui.maior,Linux Admin,LinuxAdmin,ChangeMe123456!
guterre.milheiro,Linux Admin,LinuxAdmin,ChangeMe123456!
guterre.pastana,Linux Admin,LinuxAdmin,ChangeMe123456!
hedviges.velasquez,Linux Admin,LinuxAdmin,ChangeMe123456!
helena.acatauacu,Linux Admin,LinuxAdmin,ChangeMe123456!
hermigio.rosa,Linux Admin,LinuxAdmin,ChangeMe123456!
ibijara.capiperibe,Network Admin,NetworkAdmin,ChangeMe123456!
ifigenia.homem,Network Admin,NetworkAdmin,ChangeMe123456!
iracema.bento,Network Admin,NetworkAdmin,ChangeMe123456!
jandaira.escobar,Network Admin,NetworkAdmin,ChangeMe123456!
jeremias.paula,Network Admin,NetworkAdmin,ChangeMe123456!
lavinia.delgado,Network Admin,NetworkAdmin,ChangeMe123456!
ligia.palhares,Network Admin,NetworkAdmin,ChangeMe123456!
lino.belmonte,Network Admin,NetworkAdmin,ChangeMe123456!
lopo.camacho,Network Admin,NetworkAdmin,ChangeMe123456!
luisa.ramirez,Network Admin,NetworkAdmin,ChangeMe123456!
mario.briao,Network Admin,NetworkAdmin,ChangeMe123456!
melissa.queiroz,Network Admin,NetworkAdmin,ChangeMe123456!
mem.regueira,Network Admin,NetworkAdmin,ChangeMe123456!
morgana.valgueiro,Network Admin,NetworkAdmin,ChangeMe123456!
natalia.terra,Network Admin,NetworkAdmin,ChangeMe123456!
nazare.verissimo,Network Admin,NetworkAdmin,ChangeMe123456!
noe.betancour,Network Admin,NetworkAdmin,ChangeMe123456!
noemia.sarmento,Network Admin,NetworkAdmin,ChangeMe123456!
olavo.borges,Network Admin,NetworkAdmin,ChangeMe123456!
oliveira.sobral,Network Admin,NetworkAdmin,ChangeMe123456!
oriana.viveiros,Network Admin,NetworkAdmin,ChangeMe123456!
paraguacu.ipanema,Network Admin,NetworkAdmin,ChangeMe123456!
placido.medeiros,Network Admin,NetworkAdmin,ChangeMe123456!
porfirio.azenha,Network Admin,NetworkAdmin,ChangeMe123456!
potira.ferraco,Network Admin,NetworkAdmin,ChangeMe123456!
quiteria.xavier,Network Admin,NetworkAdmin,ChangeMe123456!
raquel.paredes,Trainee,Trainees,ChangeMe123456!
ruca.conde,Trainee,Trainees,ChangeMe123456!
salvador.vasquez,Trainee,Trainees,ChangeMe123456!
sancha.pino,Trainee,Trainees,ChangeMe123456!
sandro.alvarenga,Trainee,Trainees,ChangeMe123456!
sebastiana.peres,Trainee,Trainees,ChangeMe123456!
sebastiao.vasconcelos,Trainee,Trainees,ChangeMe123456!
severino.martins,Trainee,Trainees,ChangeMe123456!
sidonio.ramirez,Trainee,Trainees,ChangeMe123456!
simone.velasco,Trainee,Trainees,ChangeMe123456!
socorro.brum,Trainee,Trainees,ChangeMe123456!
sofia.siqueira,Trainee,Trainees,ChangeMe123456!
sonas.modesto,Trainee,Trainees,ChangeMe123456!
sonia.telles,Trainee,Trainees,ChangeMe123456!
teodorico.guilheiro,Trainee,Trainees,ChangeMe123456!
tobias.piraja,Trainee,Trainees,ChangeMe123456!
trajano.santanna,Trainee,Trainees,ChangeMe123456!
ubajara.guerreiro,Trainee,Trainees,ChangeMe123456!
vania.paredes,Cloud Architect,CloudAdmin,ChangeMe123456!
vera.andrade,Trainee,Trainees,ChangeMe123456!
viriato.albernaz,Trainee,Trainees,ChangeMe123456!
xenia.peres,Cloud Architect,CloudAdmin,ChangeMe123456!
zelia.ferrao,Cloud Architect,CloudAdmin,ChangeMe123456!
zidane.espargosa,Cloud Architect,CloudAdmin,ChangeMe123456!
zilda.pastana,Cloud Architect,CloudAdmin,ChangeMe123456!
zulmira.paixao,Cloud Architect,CloudAdmin,ChangeMe123456!
zuriel.losada,Cloud Architect,CloudAdmin,ChangeMe123456!